iter	Logloss
0	0.6810489703
1	0.6713937995
2	0.6633248215
3	0.6569153478
4	0.6520905655
5	0.6477596737
6	0.6441654461
7	0.6411637464
8	0.6385593721
9	0.6365217421
